{
  "project_info": {
    "project_number": "93394752698",
    "project_id": "dashboard-4c650",
    "storage_bucket": "dashboard-4c650.appspot.com"
  },
  "client": [
    {
      "client_info": {
        "mobilesdk_app_id": "1:93394752698:android:1b56b1cbb49071304d1e83",
        "android_client_info": {
          "package_name": "com.dashboard.flutter.app.flutter_dashboard"
        }
      },
      "oauth_client": [],
      "api_key": [
        {
          "current_key": "AIzaSyDOvvEW5eCtPygowyzri440Pw2kpP5OvR8"
        }
      ],
      "services": {
        "appinvite_service": {
          "other_platform_oauth_client": []
        }
      }
    }
  ],
  "configuration_version": "1"
}